rank,type,extrapolation_confidence,disease,drug,relation,target_subgroup,expected_information_gain,cost,eig_per_cost,equity_gain,post_mean_majority,post_mean_minority,rationale
1,A,1.000,langerhans cell histiocytosis,cladribine,off-label use,IV-VI,0.9250,6.25,0.1480,0.9250,0.532,0.555,"Type A: majority evidence weight 7.9, minority 3.9 (49% of majority). Approved indication, under-tested in IV-VI."
2,A,1.000,rosacea,chlortetracycline,off-label use,IV-VI,0.8758,5.26,0.1664,0.8758,0.528,0.549,"Type A: majority evidence weight 9.1, minority 4.6 (51% of majority). Approved indication, under-tested in IV-VI."
3,A,1.000,rosacea,clindamycin,off-label use,IV-VI,0.8758,5.26,0.1664,0.8758,0.528,0.549,"Type A: majority evidence weight 9.1, minority 4.6 (51% of majority). Approved indication, under-tested in IV-VI."
4,A,1.000,rosacea,demeclocycline,off-label use,IV-VI,0.8758,5.26,0.1664,0.8758,0.528,0.549,"Type A: majority evidence weight 9.1, minority 4.6 (51% of majority). Approved indication, under-tested in IV-VI."
5,A,1.000,rosacea,doxycycline,off-label use,IV-VI,0.8758,5.26,0.1664,0.8758,0.528,0.549,"Type A: majority evidence weight 9.1, minority 4.6 (51% of majority). Approved indication, under-tested in IV-VI."
6,A,1.000,rosacea,fusidic acid,off-label use,IV-VI,0.8758,5.26,0.1664,0.8758,0.528,0.549,"Type A: majority evidence weight 9.1, minority 4.6 (51% of majority). Approved indication, under-tested in IV-VI."
7,A,1.000,rosacea,meclocycline,off-label use,IV-VI,0.8758,5.26,0.1664,0.8758,0.528,0.549,"Type A: majority evidence weight 9.1, minority 4.6 (51% of majority). Approved indication, under-tested in IV-VI."
8,A,1.000,rosacea,minocycline,off-label use,IV-VI,0.8758,5.26,0.1664,0.8758,0.528,0.549,"Type A: majority evidence weight 9.1, minority 4.6 (51% of majority). Approved indication, under-tested in IV-VI."
9,A,1.000,rosacea,oxytetracycline,off-label use,IV-VI,0.8758,5.26,0.1664,0.8758,0.528,0.549,"Type A: majority evidence weight 9.1, minority 4.6 (51% of majority). Approved indication, under-tested in IV-VI."
10,A,1.000,rosacea,sulfacetamide,off-label use,IV-VI,0.8758,5.26,0.1664,0.8758,0.528,0.549,"Type A: majority evidence weight 9.1, minority 4.6 (51% of majority). Approved indication, under-tested in IV-VI."
11,A,1.000,rosacea,tetracycline,off-label use,IV-VI,0.8758,5.26,0.1664,0.8758,0.528,0.549,"Type A: majority evidence weight 9.1, minority 4.6 (51% of majority). Approved indication, under-tested in IV-VI."
12,A,1.000,rosacea,urea,off-label use,IV-VI,0.8758,5.26,0.1664,0.8758,0.528,0.549,"Type A: majority evidence weight 9.1, minority 4.6 (51% of majority). Approved indication, under-tested in IV-VI."
13,A,1.000,lyme disease,amoxicillin,off-label use,IV-VI,0.8132,3.85,0.2114,0.8132,0.527,0.542,"Type A: majority evidence weight 9.5, minority 5.7 (60% of majority). Approved indication, under-tested in IV-VI."
14,A,1.000,lyme disease,benzylpenicillin,off-label use,IV-VI,0.8132,3.85,0.2114,0.8132,0.527,0.542,"Type A: majority evidence weight 9.5, minority 5.7 (60% of majority). Approved indication, under-tested in IV-VI."
15,A,1.000,lyme disease,cefotaxime,off-label use,IV-VI,0.8132,3.85,0.2114,0.8132,0.527,0.542,"Type A: majority evidence weight 9.5, minority 5.7 (60% of majority). Approved indication, under-tested in IV-VI."
16,A,1.000,lyme disease,ceftriaxone,off-label use,IV-VI,0.8132,3.85,0.2114,0.8132,0.527,0.542,"Type A: majority evidence weight 9.5, minority 5.7 (60% of majority). Approved indication, under-tested in IV-VI."
17,A,1.000,lyme disease,clarithromycin,off-label use,IV-VI,0.8132,3.85,0.2114,0.8132,0.527,0.542,"Type A: majority evidence weight 9.5, minority 5.7 (60% of majority). Approved indication, under-tested in IV-VI."
18,A,1.000,lyme disease,doxycycline,off-label use,IV-VI,0.8132,3.85,0.2114,0.8132,0.527,0.542,"Type A: majority evidence weight 9.5, minority 5.7 (60% of majority). Approved indication, under-tested in IV-VI."
19,A,1.000,lyme disease,fusidic acid,off-label use,IV-VI,0.8132,3.85,0.2114,0.8132,0.527,0.542,"Type A: majority evidence weight 9.5, minority 5.7 (60% of majority). Approved indication, under-tested in IV-VI."
20,A,1.000,lyme disease,phenoxymethylpenicillin,off-label use,IV-VI,0.8132,3.85,0.2114,0.8132,0.527,0.542,"Type A: majority evidence weight 9.5, minority 5.7 (60% of majority). Approved indication, under-tested in IV-VI."
21,A,1.000,langerhans cell histiocytosis,bleomycin,indication,IV-VI,0.7752,6.25,0.1240,0.7752,0.947,0.909,"Type A: majority evidence weight 7.9, minority 3.9 (49% of majority). Approved indication, under-tested in IV-VI."
22,A,1.000,langerhans cell histiocytosis,carmustine,indication,IV-VI,0.7752,6.25,0.1240,0.7752,0.947,0.909,"Type A: majority evidence weight 7.9, minority 3.9 (49% of majority). Approved indication, under-tested in IV-VI."
23,A,1.000,langerhans cell histiocytosis,doxorubicin,indication,IV-VI,0.7752,6.25,0.1240,0.7752,0.947,0.909,"Type A: majority evidence weight 7.9, minority 3.9 (49% of majority). Approved indication, under-tested in IV-VI."
24,A,1.000,langerhans cell histiocytosis,mechlorethamine,indication,IV-VI,0.7752,6.25,0.1240,0.7752,0.947,0.909,"Type A: majority evidence weight 7.9, minority 3.9 (49% of majority). Approved indication, under-tested in IV-VI."
25,A,1.000,langerhans cell histiocytosis,methotrexate,indication,IV-VI,0.7752,6.25,0.1240,0.7752,0.947,0.909,"Type A: majority evidence weight 7.9, minority 3.9 (49% of majority). Approved indication, under-tested in IV-VI."
26,A,1.000,langerhans cell histiocytosis,rituximab,indication,IV-VI,0.7752,6.25,0.1240,0.7752,0.947,0.909,"Type A: majority evidence weight 7.9, minority 3.9 (49% of majority). Approved indication, under-tested in IV-VI."
27,A,1.000,langerhans cell histiocytosis,thiotepa,indication,IV-VI,0.7752,6.25,0.1240,0.7752,0.947,0.909,"Type A: majority evidence weight 7.9, minority 3.9 (49% of majority). Approved indication, under-tested in IV-VI."
28,A,1.000,langerhans cell histiocytosis,uracil mustard,indication,IV-VI,0.7752,6.25,0.1240,0.7752,0.947,0.909,"Type A: majority evidence weight 7.9, minority 3.9 (49% of majority). Approved indication, under-tested in IV-VI."
29,A,1.000,langerhans cell histiocytosis,vinblastine,indication,IV-VI,0.7752,6.25,0.1240,0.7752,0.947,0.909,"Type A: majority evidence weight 7.9, minority 3.9 (49% of majority). Approved indication, under-tested in IV-VI."
30,A,1.000,langerhans cell histiocytosis,vincristine,indication,IV-VI,0.7752,6.25,0.1240,0.7752,0.947,0.909,"Type A: majority evidence weight 7.9, minority 3.9 (49% of majority). Approved indication, under-tested in IV-VI."
31,A,1.000,rosacea,azelaic acid,indication,IV-VI,0.7273,5.26,0.1382,0.7273,0.953,0.919,"Type A: majority evidence weight 9.1, minority 4.6 (51% of majority). Approved indication, under-tested in IV-VI."
32,A,1.000,rosacea,brimonidine,indication,IV-VI,0.7273,5.26,0.1382,0.7273,0.953,0.919,"Type A: majority evidence weight 9.1, minority 4.6 (51% of majority). Approved indication, under-tested in IV-VI."
33,A,1.000,rosacea,fluorometholone,indication,IV-VI,0.7273,5.26,0.1382,0.7273,0.953,0.919,"Type A: majority evidence weight 9.1, minority 4.6 (51% of majority). Approved indication, under-tested in IV-VI."
34,A,1.000,rosacea,fusidic acid,indication,IV-VI,0.7273,5.26,0.1382,0.7273,0.953,0.919,"Type A: majority evidence weight 9.1, minority 4.6 (51% of majority). Approved indication, under-tested in IV-VI."
35,A,1.000,rosacea,loteprednol etabonate,indication,IV-VI,0.7273,5.26,0.1382,0.7273,0.953,0.919,"Type A: majority evidence weight 9.1, minority 4.6 (51% of majority). Approved indication, under-tested in IV-VI."
36,A,1.000,rosacea,medrysone,indication,IV-VI,0.7273,5.26,0.1382,0.7273,0.953,0.919,"Type A: majority evidence weight 9.1, minority 4.6 (51% of majority). Approved indication, under-tested in IV-VI."
37,A,1.000,rosacea,metronidazole,indication,IV-VI,0.7273,5.26,0.1382,0.7273,0.953,0.919,"Type A: majority evidence weight 9.1, minority 4.6 (51% of majority). Approved indication, under-tested in IV-VI."
38,A,1.000,rosacea,tobramycin,indication,IV-VI,0.7273,5.26,0.1382,0.7273,0.953,0.919,"Type A: majority evidence weight 9.1, minority 4.6 (51% of majority). Approved indication, under-tested in IV-VI."
39,A,1.000,lyme disease,cefuroxime,indication,IV-VI,0.6679,3.85,0.1736,0.6679,0.955,0.931,"Type A: majority evidence weight 9.5, minority 5.7 (60% of majority). Approved indication, under-tested in IV-VI."
40,C,0.400,alopecia areata,hydrocortisone acetate,indication,IV-VI,1.3419,2.04,0.6576,0.5368,0.688,0.688,Type C: drug-class analogy from triamcinolone (class=D07A). Hypothesis only — class membership ≠ identical efficacy.
41,C,0.400,alopecia areata,dexamethasone,indication,IV-VI,1.3419,2.04,0.6576,0.5368,0.688,0.688,Type C: drug-class analogy from triamcinolone (class=D07A). Hypothesis only — class membership ≠ identical efficacy.
42,C,0.400,alopecia areata,fluticasone propionate,indication,IV-VI,1.3419,2.04,0.6576,0.5368,0.688,0.688,Type C: drug-class analogy from triamcinolone (class=D07A). Hypothesis only — class membership ≠ identical efficacy.
43,C,0.400,alopecia areata,fluocinolone acetonide,indication,IV-VI,1.3419,2.04,0.6576,0.5368,0.688,0.688,Type C: drug-class analogy from triamcinolone (class=D07A). Hypothesis only — class membership ≠ identical efficacy.
44,C,0.400,alopecia areata,mometasone furoate,indication,IV-VI,1.3419,2.04,0.6576,0.5368,0.688,0.688,Type C: drug-class analogy from triamcinolone (class=D07A). Hypothesis only — class membership ≠ identical efficacy.
45,C,0.400,alopecia areata,calcipotriol,off-label use,IV-VI,1.3419,2.04,0.6576,0.5368,0.688,0.688,Type C: drug-class analogy from anthralin (class=D05A). Hypothesis only — class membership ≠ identical efficacy.
46,C,0.400,alopecia areata,tazarotene,off-label use,IV-VI,1.3419,2.04,0.6576,0.5368,0.688,0.688,Type C: drug-class analogy from anthralin (class=D05A). Hypothesis only — class membership ≠ identical efficacy.
47,C,0.400,alopecia areata,acitretin,off-label use,IV-VI,1.3419,2.04,0.6576,0.5368,0.688,0.688,Type C: drug-class analogy from methoxsalen (class=D05B). Hypothesis only — class membership ≠ identical efficacy.
48,C,0.400,alopecia areata,trioxsalen,off-label use,IV-VI,1.3419,2.04,0.6576,0.5368,0.688,0.688,Type C: drug-class analogy from methoxsalen (class=D05B). Hypothesis only — class membership ≠ identical efficacy.
49,C,0.400,contact dermatitis,fumaric acid,indication,IV-VI,1.3419,1.00,1.3419,0.5368,0.688,0.688,Type C: drug-class analogy from amcinonide (class=). Hypothesis only — class membership ≠ identical efficacy.
50,C,0.400,contact dermatitis,vancomycin,indication,IV-VI,1.3419,1.00,1.3419,0.5368,0.688,0.688,Type C: drug-class analogy from amcinonide (class=). Hypothesis only — class membership ≠ identical efficacy.
51,C,0.400,contact dermatitis,diiodohydroxyquinoline,indication,IV-VI,1.3419,1.00,1.3419,0.5368,0.688,0.688,Type C: drug-class analogy from amcinonide (class=). Hypothesis only — class membership ≠ identical efficacy.
52,C,0.400,contact dermatitis,tripelennamine,indication,IV-VI,1.3419,1.00,1.3419,0.5368,0.688,0.688,Type C: drug-class analogy from amcinonide (class=). Hypothesis only — class membership ≠ identical efficacy.
53,C,0.400,contact dermatitis,fumaric acid,off-label use,IV-VI,1.3419,1.00,1.3419,0.5368,0.688,0.688,Type C: drug-class analogy from diiodohydroxyquinoline (class=). Hypothesis only — class membership ≠ identical efficacy.
54,C,0.400,contact dermatitis,amcinonide,off-label use,IV-VI,1.3419,1.00,1.3419,0.5368,0.688,0.688,Type C: drug-class analogy from diiodohydroxyquinoline (class=). Hypothesis only — class membership ≠ identical efficacy.
55,C,0.400,contact dermatitis,vancomycin,off-label use,IV-VI,1.3419,1.00,1.3419,0.5368,0.688,0.688,Type C: drug-class analogy from diiodohydroxyquinoline (class=). Hypothesis only — class membership ≠ identical efficacy.
56,C,0.400,contact dermatitis,tripelennamine,off-label use,IV-VI,1.3419,1.00,1.3419,0.5368,0.688,0.688,Type C: drug-class analogy from diiodohydroxyquinoline (class=). Hypothesis only — class membership ≠ identical efficacy.
57,C,0.400,epidermolysis bullosa,fusidic acid,off-label use,IV-VI,1.3419,2.50,0.5368,0.5368,0.688,0.688,Type C: drug-class analogy from mupirocin (class=D06A). Hypothesis only — class membership ≠ identical efficacy.
58,C,0.400,erythema multiforme,fluticasone propionate,indication,IV-VI,1.3419,1.23,1.0870,0.5368,0.688,0.688,Type C: drug-class analogy from betamethasone (class=D07A). Hypothesis only — class membership ≠ identical efficacy.
59,C,0.400,erythema multiforme,fluocinolone acetonide,indication,IV-VI,1.3419,1.23,1.0870,0.5368,0.688,0.688,Type C: drug-class analogy from betamethasone (class=D07A). Hypothesis only — class membership ≠ identical efficacy.
60,C,0.400,erythema multiforme,mometasone furoate,indication,IV-VI,1.3419,1.23,1.0870,0.5368,0.688,0.688,Type C: drug-class analogy from betamethasone (class=D07A). Hypothesis only — class membership ≠ identical efficacy.
61,C,0.400,folliculitis,mupirocin,indication,IV-VI,1.3419,1.00,1.3419,0.5368,0.688,0.688,Type C: drug-class analogy from fusidic acid (class=D06A). Hypothesis only — class membership ≠ identical efficacy.
62,C,0.400,folliculitis,fusidic acid,off-label use,IV-VI,1.3419,1.00,1.3419,0.5368,0.688,0.688,Type C: drug-class analogy from mupirocin (class=D06A). Hypothesis only — class membership ≠ identical efficacy.
63,C,0.400,granuloma annulare,fumaric acid,indication,IV-VI,1.3419,1.19,1.1272,0.5368,0.688,0.688,Type C: drug-class analogy from amcinonide (class=). Hypothesis only — class membership ≠ identical efficacy.
64,C,0.400,granuloma annulare,vancomycin,indication,IV-VI,1.3419,1.19,1.1272,0.5368,0.688,0.688,Type C: drug-class analogy from amcinonide (class=). Hypothesis only — class membership ≠ identical efficacy.
65,C,0.400,granuloma annulare,diiodohydroxyquinoline,indication,IV-VI,1.3419,1.19,1.1272,0.5368,0.688,0.688,Type C: drug-class analogy from amcinonide (class=). Hypothesis only — class membership ≠ identical efficacy.
66,C,0.400,granuloma annulare,tripelennamine,indication,IV-VI,1.3419,1.19,1.1272,0.5368,0.688,0.688,Type C: drug-class analogy from amcinonide (class=). Hypothesis only — class membership ≠ identical efficacy.
67,C,0.400,granuloma annulare,azelaic acid,indication,IV-VI,1.3419,1.19,1.1272,0.5368,0.688,0.688,Type C: drug-class analogy from benzoyl peroxide (class=D10A). Hypothesis only — class membership ≠ identical efficacy.
68,C,0.400,granuloma annulare,erythromycin,indication,IV-VI,1.3419,1.19,1.1272,0.5368,0.688,0.688,Type C: drug-class analogy from benzoyl peroxide (class=D10A). Hypothesis only — class membership ≠ identical efficacy.
69,C,0.400,granuloma annulare,tretinoin,indication,IV-VI,1.3419,1.19,1.1272,0.5368,0.688,0.688,Type C: drug-class analogy from benzoyl peroxide (class=D10A). Hypothesis only — class membership ≠ identical efficacy.
70,C,0.400,granuloma annulare,clindamycin,indication,IV-VI,1.3419,1.19,1.1272,0.5368,0.688,0.688,Type C: drug-class analogy from benzoyl peroxide (class=D10A). Hypothesis only — class membership ≠ identical efficacy.
71,C,0.400,granuloma annulare,hydrocortisone acetate,indication,IV-VI,1.3419,1.19,1.1272,0.5368,0.688,0.688,Type C: drug-class analogy from betamethasone (class=D07A). Hypothesis only — class membership ≠ identical efficacy.
72,C,0.400,granuloma annulare,prednisone,indication,IV-VI,1.3419,1.19,1.1272,0.5368,0.688,0.688,Type C: drug-class analogy from cortisone acetate (class=H02A). Hypothesis only — class membership ≠ identical efficacy.
73,C,0.400,herpes zoster,fumaric acid,indication,IV-VI,1.3419,3.45,0.3892,0.5368,0.688,0.688,Type C: drug-class analogy from amenamevir (class=). Hypothesis only — class membership ≠ identical efficacy.
74,C,0.400,herpes zoster,amcinonide,indication,IV-VI,1.3419,3.45,0.3892,0.5368,0.688,0.688,Type C: drug-class analogy from amenamevir (class=). Hypothesis only — class membership ≠ identical efficacy.
75,C,0.400,herpes zoster,vancomycin,indication,IV-VI,1.3419,3.45,0.3892,0.5368,0.688,0.688,Type C: drug-class analogy from amenamevir (class=). Hypothesis only — class membership ≠ identical efficacy.
76,C,0.400,herpes zoster,diiodohydroxyquinoline,indication,IV-VI,1.3419,3.45,0.3892,0.5368,0.688,0.688,Type C: drug-class analogy from amenamevir (class=). Hypothesis only — class membership ≠ identical efficacy.
77,C,0.400,herpes zoster,tripelennamine,indication,IV-VI,1.3419,3.45,0.3892,0.5368,0.688,0.688,Type C: drug-class analogy from amenamevir (class=). Hypothesis only — class membership ≠ identical efficacy.
78,C,0.400,keloid,hydrocortisone acetate,indication,IV-VI,1.3419,1.02,1.3151,0.5368,0.688,0.688,Type C: drug-class analogy from dexamethasone (class=D07A). Hypothesis only — class membership ≠ identical efficacy.
79,C,0.400,keloid,fluticasone propionate,indication,IV-VI,1.3419,1.02,1.3151,0.5368,0.688,0.688,Type C: drug-class analogy from dexamethasone (class=D07A). Hypothesis only — class membership ≠ identical efficacy.
80,C,0.400,keloid,fluocinolone acetonide,indication,IV-VI,1.3419,1.02,1.3151,0.5368,0.688,0.688,Type C: drug-class analogy from dexamethasone (class=D07A). Hypothesis only — class membership ≠ identical efficacy.
81,C,0.400,keloid,mometasone furoate,indication,IV-VI,1.3419,1.02,1.3151,0.5368,0.688,0.688,Type C: drug-class analogy from dexamethasone (class=D07A). Hypothesis only — class membership ≠ identical efficacy.
82,C,0.400,keloid,fumaric acid,indication,IV-VI,1.3419,1.02,1.3151,0.5368,0.688,0.688,Type C: drug-class analogy from tranilast (class=). Hypothesis only — class membership ≠ identical efficacy.
83,C,0.400,keloid,amcinonide,indication,IV-VI,1.3419,1.02,1.3151,0.5368,0.688,0.688,Type C: drug-class analogy from tranilast (class=). Hypothesis only — class membership ≠ identical efficacy.
84,C,0.400,keloid,vancomycin,indication,IV-VI,1.3419,1.02,1.3151,0.5368,0.688,0.688,Type C: drug-class analogy from tranilast (class=). Hypothesis only — class membership ≠ identical efficacy.
85,C,0.400,keloid,diiodohydroxyquinoline,indication,IV-VI,1.3419,1.02,1.3151,0.5368,0.688,0.688,Type C: drug-class analogy from tranilast (class=). Hypothesis only — class membership ≠ identical efficacy.
86,C,0.400,keloid,tripelennamine,indication,IV-VI,1.3419,1.02,1.3151,0.5368,0.688,0.688,Type C: drug-class analogy from tranilast (class=). Hypothesis only — class membership ≠ identical efficacy.
87,C,0.400,langerhans cell histiocytosis,fumaric acid,indication,IV-VI,1.3419,6.25,0.2147,0.5368,0.688,0.688,Type C: drug-class analogy from carmustine (class=). Hypothesis only — class membership ≠ identical efficacy.
88,C,0.400,langerhans cell histiocytosis,amcinonide,indication,IV-VI,1.3419,6.25,0.2147,0.5368,0.688,0.688,Type C: drug-class analogy from carmustine (class=). Hypothesis only — class membership ≠ identical efficacy.
89,C,0.400,langerhans cell histiocytosis,vancomycin,indication,IV-VI,1.3419,6.25,0.2147,0.5368,0.688,0.688,Type C: drug-class analogy from carmustine (class=). Hypothesis only — class membership ≠ identical efficacy.
90,C,0.400,langerhans cell histiocytosis,diiodohydroxyquinoline,indication,IV-VI,1.3419,6.25,0.2147,0.5368,0.688,0.688,Type C: drug-class analogy from carmustine (class=). Hypothesis only — class membership ≠ identical efficacy.
91,C,0.400,langerhans cell histiocytosis,tripelennamine,indication,IV-VI,1.3419,6.25,0.2147,0.5368,0.688,0.688,Type C: drug-class analogy from carmustine (class=). Hypothesis only — class membership ≠ identical efficacy.
92,C,0.400,langerhans cell histiocytosis,risankizumab,indication,IV-VI,1.3419,6.25,0.2147,0.5368,0.688,0.688,Type C: drug-class analogy from methotrexate (class=L04A). Hypothesis only — class membership ≠ identical efficacy.
93,C,0.400,langerhans cell histiocytosis,ustekinumab,indication,IV-VI,1.3419,6.25,0.2147,0.5368,0.688,0.688,Type C: drug-class analogy from methotrexate (class=L04A). Hypothesis only — class membership ≠ identical efficacy.
94,C,0.400,langerhans cell histiocytosis,adalimumab,indication,IV-VI,1.3419,6.25,0.2147,0.5368,0.688,0.688,Type C: drug-class analogy from methotrexate (class=L04A). Hypothesis only — class membership ≠ identical efficacy.
95,C,0.400,langerhans cell histiocytosis,cemiplimab,indication,IV-VI,1.3419,6.25,0.2147,0.5368,0.688,0.688,Type C: drug-class analogy from rituximab (class=L01F). Hypothesis only — class membership ≠ identical efficacy.
96,C,0.400,langerhans cell histiocytosis,fluorouracil,off-label use,IV-VI,1.3419,6.25,0.2147,0.5368,0.688,0.688,Type C: drug-class analogy from cladribine (class=L01B). Hypothesis only — class membership ≠ identical efficacy.
97,C,0.400,lichen planus,hydrocortisone acetate,indication,IV-VI,1.3419,1.00,1.3419,0.5368,0.688,0.688,Type C: drug-class analogy from triamcinolone (class=D07A). Hypothesis only — class membership ≠ identical efficacy.
98,C,0.400,lichen planus,dexamethasone,indication,IV-VI,1.3419,1.00,1.3419,0.5368,0.688,0.688,Type C: drug-class analogy from triamcinolone (class=D07A). Hypothesis only — class membership ≠ identical efficacy.
99,C,0.400,lichen planus,fluticasone propionate,indication,IV-VI,1.3419,1.00,1.3419,0.5368,0.688,0.688,Type C: drug-class analogy from triamcinolone (class=D07A). Hypothesis only — class membership ≠ identical efficacy.
100,C,0.400,lichen planus,fluocinolone acetonide,indication,IV-VI,1.3419,1.00,1.3419,0.5368,0.688,0.688,Type C: drug-class analogy from triamcinolone (class=D07A). Hypothesis only — class membership ≠ identical efficacy.
101,C,0.400,lichen planus,mometasone furoate,indication,IV-VI,1.3419,1.00,1.3419,0.5368,0.688,0.688,Type C: drug-class analogy from triamcinolone (class=D07A). Hypothesis only — class membership ≠ identical efficacy.
102,C,0.400,lichen planus,trioxsalen,off-label use,IV-VI,1.3419,1.00,1.3419,0.5368,0.688,0.688,Type C: drug-class analogy from acitretin (class=D05B). Hypothesis only — class membership ≠ identical efficacy.
103,C,0.400,lichen planus,fumaric acid,off-label use,IV-VI,1.3419,1.00,1.3419,0.5368,0.688,0.688,Type C: drug-class analogy from etretinate (class=). Hypothesis only — class membership ≠ identical efficacy.
104,C,0.400,lichen planus,amcinonide,off-label use,IV-VI,1.3419,1.00,1.3419,0.5368,0.688,0.688,Type C: drug-class analogy from etretinate (class=). Hypothesis only — class membership ≠ identical efficacy.
105,C,0.400,lichen planus,vancomycin,off-label use,IV-VI,1.3419,1.00,1.3419,0.5368,0.688,0.688,Type C: drug-class analogy from etretinate (class=). Hypothesis only — class membership ≠ identical efficacy.
106,C,0.400,lichen planus,diiodohydroxyquinoline,off-label use,IV-VI,1.3419,1.00,1.3419,0.5368,0.688,0.688,Type C: drug-class analogy from etretinate (class=). Hypothesis only — class membership ≠ identical efficacy.
107,C,0.400,lichen planus,tripelennamine,off-label use,IV-VI,1.3419,1.00,1.3419,0.5368,0.688,0.688,Type C: drug-class analogy from etretinate (class=). Hypothesis only — class membership ≠ identical efficacy.
108,C,0.400,lupus erythematosus,fumaric acid,indication,IV-VI,1.3419,1.00,1.3419,0.5368,0.688,0.688,Type C: drug-class analogy from amcinonide (class=). Hypothesis only — class membership ≠ identical efficacy.
109,C,0.400,lupus erythematosus,vancomycin,indication,IV-VI,1.3419,1.00,1.3419,0.5368,0.688,0.688,Type C: drug-class analogy from amcinonide (class=). Hypothesis only — class membership ≠ identical efficacy.
110,C,0.400,lupus erythematosus,diiodohydroxyquinoline,indication,IV-VI,1.3419,1.00,1.3419,0.5368,0.688,0.688,Type C: drug-class analogy from amcinonide (class=). Hypothesis only — class membership ≠ identical efficacy.
111,C,0.400,lupus erythematosus,tripelennamine,indication,IV-VI,1.3419,1.00,1.3419,0.5368,0.688,0.688,Type C: drug-class analogy from amcinonide (class=). Hypothesis only — class membership ≠ identical efficacy.
112,C,0.400,lupus erythematosus,hydrocortisone acetate,indication,IV-VI,1.3419,1.00,1.3419,0.5368,0.688,0.688,Type C: drug-class analogy from betamethasone (class=D07A). Hypothesis only — class membership ≠ identical efficacy.
113,C,0.400,lupus erythematosus,prednisone,indication,IV-VI,1.3419,1.00,1.3419,0.5368,0.688,0.688,Type C: drug-class analogy from cortisone acetate (class=H02A). Hypothesis only — class membership ≠ identical efficacy.
114,C,0.400,lupus erythematosus,fumaric acid,off-label use,IV-VI,1.3419,1.00,1.3419,0.5368,0.688,0.688,Type C: drug-class analogy from quinacrine (class=). Hypothesis only — class membership ≠ identical efficacy.
115,C,0.400,lupus erythematosus,amcinonide,off-label use,IV-VI,1.3419,1.00,1.3419,0.5368,0.688,0.688,Type C: drug-class analogy from quinacrine (class=). Hypothesis only — class membership ≠ identical efficacy.
116,C,0.400,lupus erythematosus,vancomycin,off-label use,IV-VI,1.3419,1.00,1.3419,0.5368,0.688,0.688,Type C: drug-class analogy from quinacrine (class=). Hypothesis only — class membership ≠ identical efficacy.
117,C,0.400,lupus erythematosus,diiodohydroxyquinoline,off-label use,IV-VI,1.3419,1.00,1.3419,0.5368,0.688,0.688,Type C: drug-class analogy from quinacrine (class=). Hypothesis only — class membership ≠ identical efficacy.
118,C,0.400,lupus erythematosus,tripelennamine,off-label use,IV-VI,1.3419,1.00,1.3419,0.5368,0.688,0.688,Type C: drug-class analogy from quinacrine (class=). Hypothesis only — class membership ≠ identical efficacy.
119,C,0.400,lyme disease,cefotaxime,indication,IV-VI,1.3419,3.85,0.3489,0.5368,0.688,0.688,Type C: drug-class analogy from cefuroxime (class=J01D). Hypothesis only — class membership ≠ identical efficacy.
120,C,0.400,lyme disease,ceftriaxone,indication,IV-VI,1.3419,3.85,0.3489,0.5368,0.688,0.688,Type C: drug-class analogy from cefuroxime (class=J01D). Hypothesis only — class membership ≠ identical efficacy.
121,C,0.400,lyme disease,procaine benzylpenicillin,off-label use,IV-VI,1.3419,3.85,0.3489,0.5368,0.688,0.688,Type C: drug-class analogy from amoxicillin (class=J01C). Hypothesis only — class membership ≠ identical efficacy.
122,C,0.400,lyme disease,cefuroxime,off-label use,IV-VI,1.3419,3.85,0.3489,0.5368,0.688,0.688,Type C: drug-class analogy from cefotaxime (class=J01D). Hypothesis only — class membership ≠ identical efficacy.
123,C,0.400,lyme disease,meclocycline,off-label use,IV-VI,1.3419,3.85,0.3489,0.5368,0.688,0.688,Type C: drug-class analogy from doxycycline (class=J01A). Hypothesis only — class membership ≠ identical efficacy.
124,C,0.400,lyme disease,minocycline,off-label use,IV-VI,1.3419,3.85,0.3489,0.5368,0.688,0.688,Type C: drug-class analogy from doxycycline (class=J01A). Hypothesis only — class membership ≠ identical efficacy.
125,C,0.400,lyme disease,demeclocycline,off-label use,IV-VI,1.3419,3.85,0.3489,0.5368,0.688,0.688,Type C: drug-class analogy from doxycycline (class=J01A). Hypothesis only — class membership ≠ identical efficacy.
126,C,0.400,lyme disease,tetracycline,off-label use,IV-VI,1.3419,3.85,0.3489,0.5368,0.688,0.688,Type C: drug-class analogy from doxycycline (class=J01A). Hypothesis only — class membership ≠ identical efficacy.
127,C,0.400,lyme disease,mupirocin,off-label use,IV-VI,1.3419,3.85,0.3489,0.5368,0.688,0.688,Type C: drug-class analogy from fusidic acid (class=D06A). Hypothesis only — class membership ≠ identical efficacy.
128,C,0.400,lymphangioma,fumaric acid,indication,IV-VI,1.3419,2.78,0.4831,0.5368,0.688,0.688,Type C: drug-class analogy from propranolol (class=). Hypothesis only — class membership ≠ identical efficacy.
129,C,0.400,lymphangioma,amcinonide,indication,IV-VI,1.3419,2.78,0.4831,0.5368,0.688,0.688,Type C: drug-class analogy from propranolol (class=). Hypothesis only — class membership ≠ identical efficacy.
130,C,0.400,lymphangioma,vancomycin,indication,IV-VI,1.3419,2.78,0.4831,0.5368,0.688,0.688,Type C: drug-class analogy from propranolol (class=). Hypothesis only — class membership ≠ identical efficacy.
131,C,0.400,lymphangioma,diiodohydroxyquinoline,indication,IV-VI,1.3419,2.78,0.4831,0.5368,0.688,0.688,Type C: drug-class analogy from propranolol (class=). Hypothesis only — class membership ≠ identical efficacy.
132,C,0.400,lymphangioma,tripelennamine,indication,IV-VI,1.3419,2.78,0.4831,0.5368,0.688,0.688,Type C: drug-class analogy from propranolol (class=). Hypothesis only — class membership ≠ identical efficacy.
133,C,0.400,melanoma,fumaric acid,indication,IV-VI,1.3419,1.22,1.1004,0.5368,0.688,0.688,Type C: drug-class analogy from hydroxyurea (class=). Hypothesis only — class membership ≠ identical efficacy.
134,C,0.400,melanoma,amcinonide,indication,IV-VI,1.3419,1.22,1.1004,0.5368,0.688,0.688,Type C: drug-class analogy from hydroxyurea (class=). Hypothesis only — class membership ≠ identical efficacy.
135,C,0.400,melanoma,vancomycin,indication,IV-VI,1.3419,1.22,1.1004,0.5368,0.688,0.688,Type C: drug-class analogy from hydroxyurea (class=). Hypothesis only — class membership ≠ identical efficacy.
136,C,0.400,melanoma,diiodohydroxyquinoline,indication,IV-VI,1.3419,1.22,1.1004,0.5368,0.688,0.688,Type C: drug-class analogy from hydroxyurea (class=). Hypothesis only — class membership ≠ identical efficacy.
137,C,0.400,melanoma,tripelennamine,indication,IV-VI,1.3419,1.22,1.1004,0.5368,0.688,0.688,Type C: drug-class analogy from hydroxyurea (class=). Hypothesis only — class membership ≠ identical efficacy.
138,C,0.400,myiasis,fumaric acid,indication,IV-VI,1.3419,3.70,0.3623,0.5368,0.688,0.688,Type C: drug-class analogy from pyrimethamine (class=). Hypothesis only — class membership ≠ identical efficacy.
139,C,0.400,myiasis,amcinonide,indication,IV-VI,1.3419,3.70,0.3623,0.5368,0.688,0.688,Type C: drug-class analogy from pyrimethamine (class=). Hypothesis only — class membership ≠ identical efficacy.
140,C,0.400,myiasis,vancomycin,indication,IV-VI,1.3419,3.70,0.3623,0.5368,0.688,0.688,Type C: drug-class analogy from pyrimethamine (class=). Hypothesis only — class membership ≠ identical efficacy.
141,C,0.400,myiasis,diiodohydroxyquinoline,indication,IV-VI,1.3419,3.70,0.3623,0.5368,0.688,0.688,Type C: drug-class analogy from pyrimethamine (class=). Hypothesis only — class membership ≠ identical efficacy.
142,C,0.400,myiasis,tripelennamine,indication,IV-VI,1.3419,3.70,0.3623,0.5368,0.688,0.688,Type C: drug-class analogy from pyrimethamine (class=). Hypothesis only — class membership ≠ identical efficacy.
143,C,0.400,myiasis,fumaric acid,off-label use,IV-VI,1.3419,3.70,0.3623,0.5368,0.688,0.688,Type C: drug-class analogy from atovaquone (class=). Hypothesis only — class membership ≠ identical efficacy.
144,C,0.400,myiasis,amcinonide,off-label use,IV-VI,1.3419,3.70,0.3623,0.5368,0.688,0.688,Type C: drug-class analogy from atovaquone (class=). Hypothesis only — class membership ≠ identical efficacy.
145,C,0.400,myiasis,vancomycin,off-label use,IV-VI,1.3419,3.70,0.3623,0.5368,0.688,0.688,Type C: drug-class analogy from atovaquone (class=). Hypothesis only — class membership ≠ identical efficacy.
146,C,0.400,myiasis,diiodohydroxyquinoline,off-label use,IV-VI,1.3419,3.70,0.3623,0.5368,0.688,0.688,Type C: drug-class analogy from atovaquone (class=). Hypothesis only — class membership ≠ identical efficacy.
147,C,0.400,myiasis,tripelennamine,off-label use,IV-VI,1.3419,3.70,0.3623,0.5368,0.688,0.688,Type C: drug-class analogy from atovaquone (class=). Hypothesis only — class membership ≠ identical efficacy.
148,C,0.400,myiasis,azelaic acid,off-label use,IV-VI,1.3419,3.70,0.3623,0.5368,0.688,0.688,Type C: drug-class analogy from clindamycin (class=D10A). Hypothesis only — class membership ≠ identical efficacy.
149,C,0.400,myiasis,erythromycin,off-label use,IV-VI,1.3419,3.70,0.3623,0.5368,0.688,0.688,Type C: drug-class analogy from clindamycin (class=D10A). Hypothesis only — class membership ≠ identical efficacy.
150,C,0.400,myiasis,tretinoin,off-label use,IV-VI,1.3419,3.70,0.3623,0.5368,0.688,0.688,Type C: drug-class analogy from clindamycin (class=D10A). Hypothesis only — class membership ≠ identical efficacy.
151,C,0.400,myiasis,benzoyl peroxide,off-label use,IV-VI,1.3419,3.70,0.3623,0.5368,0.688,0.688,Type C: drug-class analogy from clindamycin (class=D10A). Hypothesis only — class membership ≠ identical efficacy.
152,C,0.400,necrobiosis lipoidica,hydrocortisone acetate,indication,IV-VI,1.3419,1.89,0.7112,0.5368,0.688,0.688,Type C: drug-class analogy from triamcinolone (class=D07A). Hypothesis only — class membership ≠ identical efficacy.
153,C,0.400,necrobiosis lipoidica,dexamethasone,indication,IV-VI,1.3419,1.89,0.7112,0.5368,0.688,0.688,Type C: drug-class analogy from triamcinolone (class=D07A). Hypothesis only — class membership ≠ identical efficacy.
154,C,0.400,necrobiosis lipoidica,fluticasone propionate,indication,IV-VI,1.3419,1.89,0.7112,0.5368,0.688,0.688,Type C: drug-class analogy from triamcinolone (class=D07A). Hypothesis only — class membership ≠ identical efficacy.
155,C,0.400,necrobiosis lipoidica,fluocinolone acetonide,indication,IV-VI,1.3419,1.89,0.7112,0.5368,0.688,0.688,Type C: drug-class analogy from triamcinolone (class=D07A). Hypothesis only — class membership ≠ identical efficacy.
156,C,0.400,necrobiosis lipoidica,mometasone furoate,indication,IV-VI,1.3419,1.89,0.7112,0.5368,0.688,0.688,Type C: drug-class analogy from triamcinolone (class=D07A). Hypothesis only — class membership ≠ identical efficacy.
157,C,0.400,neurodermatitis,fumaric acid,indication,IV-VI,1.3419,4.76,0.2818,0.5368,0.688,0.688,Type C: drug-class analogy from amcinonide (class=). Hypothesis only — class membership ≠ identical efficacy.
158,C,0.400,neurodermatitis,vancomycin,indication,IV-VI,1.3419,4.76,0.2818,0.5368,0.688,0.688,Type C: drug-class analogy from amcinonide (class=). Hypothesis only — class membership ≠ identical efficacy.
159,C,0.400,neurodermatitis,diiodohydroxyquinoline,indication,IV-VI,1.3419,4.76,0.2818,0.5368,0.688,0.688,Type C: drug-class analogy from amcinonide (class=). Hypothesis only — class membership ≠ identical efficacy.
160,C,0.400,neurodermatitis,tripelennamine,indication,IV-VI,1.3419,4.76,0.2818,0.5368,0.688,0.688,Type C: drug-class analogy from amcinonide (class=). Hypothesis only — class membership ≠ identical efficacy.
161,C,0.400,neurodermatitis,hydrocortisone acetate,indication,IV-VI,1.3419,4.76,0.2818,0.5368,0.688,0.688,Type C: drug-class analogy from betamethasone (class=D07A). Hypothesis only — class membership ≠ identical efficacy.
162,C,0.400,neurodermatitis,prednisone,indication,IV-VI,1.3419,4.76,0.2818,0.5368,0.688,0.688,Type C: drug-class analogy from cortisone acetate (class=H02A). Hypothesis only — class membership ≠ identical efficacy.
163,C,0.400,neurodermatitis,fumaric acid,off-label use,IV-VI,1.3419,4.76,0.2818,0.5368,0.688,0.688,Type C: drug-class analogy from diiodohydroxyquinoline (class=). Hypothesis only — class membership ≠ identical efficacy.
164,C,0.400,neurodermatitis,amcinonide,off-label use,IV-VI,1.3419,4.76,0.2818,0.5368,0.688,0.688,Type C: drug-class analogy from diiodohydroxyquinoline (class=). Hypothesis only — class membership ≠ identical efficacy.
165,C,0.400,neurodermatitis,vancomycin,off-label use,IV-VI,1.3419,4.76,0.2818,0.5368,0.688,0.688,Type C: drug-class analogy from diiodohydroxyquinoline (class=). Hypothesis only — class membership ≠ identical efficacy.
166,C,0.400,neurodermatitis,tripelennamine,off-label use,IV-VI,1.3419,4.76,0.2818,0.5368,0.688,0.688,Type C: drug-class analogy from diiodohydroxyquinoline (class=). Hypothesis only — class membership ≠ identical efficacy.
167,C,0.400,neurodermatitis,dexamethasone,off-label use,IV-VI,1.3419,4.76,0.2818,0.5368,0.688,0.688,Type C: drug-class analogy from hydrocortisone acetate (class=D07A). Hypothesis only — class membership ≠ identical efficacy.
168,C,0.400,neurodermatitis,fluticasone propionate,off-label use,IV-VI,1.3419,4.76,0.2818,0.5368,0.688,0.688,Type C: drug-class analogy from hydrocortisone acetate (class=D07A). Hypothesis only — class membership ≠ identical efficacy.
169,C,0.400,neurodermatitis,fluocinolone acetonide,off-label use,IV-VI,1.3419,4.76,0.2818,0.5368,0.688,0.688,Type C: drug-class analogy from hydrocortisone acetate (class=D07A). Hypothesis only — class membership ≠ identical efficacy.
170,C,0.400,neurodermatitis,mometasone furoate,off-label use,IV-VI,1.3419,4.76,0.2818,0.5368,0.688,0.688,Type C: drug-class analogy from hydrocortisone acetate (class=D07A). Hypothesis only — class membership ≠ identical efficacy.
171,C,0.400,neurofibromatosis,fumaric acid,indication,IV-VI,1.3419,1.00,1.3419,0.5368,0.688,0.688,Type C: drug-class analogy from selumetinib (class=). Hypothesis only — class membership ≠ identical efficacy.
172,C,0.400,neurofibromatosis,amcinonide,indication,IV-VI,1.3419,1.00,1.3419,0.5368,0.688,0.688,Type C: drug-class analogy from selumetinib (class=). Hypothesis only — class membership ≠ identical efficacy.
173,C,0.400,neurofibromatosis,vancomycin,indication,IV-VI,1.3419,1.00,1.3419,0.5368,0.688,0.688,Type C: drug-class analogy from selumetinib (class=). Hypothesis only — class membership ≠ identical efficacy.
174,C,0.400,neurofibromatosis,diiodohydroxyquinoline,indication,IV-VI,1.3419,1.00,1.3419,0.5368,0.688,0.688,Type C: drug-class analogy from selumetinib (class=). Hypothesis only — class membership ≠ identical efficacy.
175,C,0.400,neurofibromatosis,tripelennamine,indication,IV-VI,1.3419,1.00,1.3419,0.5368,0.688,0.688,Type C: drug-class analogy from selumetinib (class=). Hypothesis only — class membership ≠ identical efficacy.
176,C,0.400,psoriasis,amcinonide,indication,IV-VI,1.3419,1.00,1.3419,0.5368,0.688,0.688,Type C: drug-class analogy from allantoin (class=). Hypothesis only — class membership ≠ identical efficacy.
177,C,0.400,psoriasis,vancomycin,indication,IV-VI,1.3419,1.00,1.3419,0.5368,0.688,0.688,Type C: drug-class analogy from allantoin (class=). Hypothesis only — class membership ≠ identical efficacy.
178,C,0.400,psoriasis,diiodohydroxyquinoline,indication,IV-VI,1.3419,1.00,1.3419,0.5368,0.688,0.688,Type C: drug-class analogy from allantoin (class=). Hypothesis only — class membership ≠ identical efficacy.
179,C,0.400,psoriasis,tripelennamine,indication,IV-VI,1.3419,1.00,1.3419,0.5368,0.688,0.688,Type C: drug-class analogy from allantoin (class=). Hypothesis only — class membership ≠ identical efficacy.
180,C,0.400,psoriasis,fluticasone propionate,indication,IV-VI,1.3419,1.00,1.3419,0.5368,0.688,0.688,Type C: drug-class analogy from betamethasone (class=D07A). Hypothesis only — class membership ≠ identical efficacy.
181,C,0.400,psoriasis,fluocinolone acetonide,indication,IV-VI,1.3419,1.00,1.3419,0.5368,0.688,0.688,Type C: drug-class analogy from betamethasone (class=D07A). Hypothesis only — class membership ≠ identical efficacy.
182,C,0.400,psoriasis,mometasone furoate,indication,IV-VI,1.3419,1.00,1.3419,0.5368,0.688,0.688,Type C: drug-class analogy from betamethasone (class=D07A). Hypothesis only — class membership ≠ identical efficacy.
183,C,0.400,psoriasis,adalimumab,indication,IV-VI,1.3419,1.00,1.3419,0.5368,0.688,0.688,Type C: drug-class analogy from methotrexate (class=L04A). Hypothesis only — class membership ≠ identical efficacy.
184,C,0.400,psoriasis,calcipotriol,indication,IV-VI,1.3419,1.00,1.3419,0.5368,0.688,0.688,Type C: drug-class analogy from tazarotene (class=D05A). Hypothesis only — class membership ≠ identical efficacy.
185,C,0.400,psoriasis,anthralin,indication,IV-VI,1.3419,1.00,1.3419,0.5368,0.688,0.688,Type C: drug-class analogy from tazarotene (class=D05A). Hypothesis only — class membership ≠ identical efficacy.
186,C,0.400,psoriasis,tazarotene,off-label use,IV-VI,1.3419,1.00,1.3419,0.5368,0.688,0.688,Type C: drug-class analogy from anthralin (class=D05A). Hypothesis only — class membership ≠ identical efficacy.
187,C,0.400,psoriasis,fumaric acid,off-label use,IV-VI,1.3419,1.00,1.3419,0.5368,0.688,0.688,Type C: drug-class analogy from triethylenetetramine (class=). Hypothesis only — class membership ≠ identical efficacy.
188,C,0.400,psoriasis,amcinonide,off-label use,IV-VI,1.3419,1.00,1.3419,0.5368,0.688,0.688,Type C: drug-class analogy from triethylenetetramine (class=). Hypothesis only — class membership ≠ identical efficacy.
189,C,0.400,psoriasis,vancomycin,off-label use,IV-VI,1.3419,1.00,1.3419,0.5368,0.688,0.688,Type C: drug-class analogy from triethylenetetramine (class=). Hypothesis only — class membership ≠ identical efficacy.
190,C,0.400,psoriasis,diiodohydroxyquinoline,off-label use,IV-VI,1.3419,1.00,1.3419,0.5368,0.688,0.688,Type C: drug-class analogy from triethylenetetramine (class=). Hypothesis only — class membership ≠ identical efficacy.
191,C,0.400,psoriasis,tripelennamine,off-label use,IV-VI,1.3419,1.00,1.3419,0.5368,0.688,0.688,Type C: drug-class analogy from triethylenetetramine (class=). Hypothesis only — class membership ≠ identical efficacy.
192,C,0.400,pustular psoriasis,fumaric acid,indication,IV-VI,1.3419,4.17,0.3221,0.5368,0.688,0.688,Type C: drug-class analogy from maxacalcitol (class=). Hypothesis only — class membership ≠ identical efficacy.
193,C,0.400,pustular psoriasis,amcinonide,indication,IV-VI,1.3419,4.17,0.3221,0.5368,0.688,0.688,Type C: drug-class analogy from maxacalcitol (class=). Hypothesis only — class membership ≠ identical efficacy.
194,C,0.400,pustular psoriasis,vancomycin,indication,IV-VI,1.3419,4.17,0.3221,0.5368,0.688,0.688,Type C: drug-class analogy from maxacalcitol (class=). Hypothesis only — class membership ≠ identical efficacy.
195,C,0.400,pustular psoriasis,diiodohydroxyquinoline,indication,IV-VI,1.3419,4.17,0.3221,0.5368,0.688,0.688,Type C: drug-class analogy from maxacalcitol (class=). Hypothesis only — class membership ≠ identical efficacy.
196,C,0.400,pustular psoriasis,tripelennamine,indication,IV-VI,1.3419,4.17,0.3221,0.5368,0.688,0.688,Type C: drug-class analogy from maxacalcitol (class=). Hypothesis only — class membership ≠ identical efficacy.
197,C,0.400,rosacea,erythromycin,indication,IV-VI,1.3419,5.26,0.2550,0.5368,0.688,0.688,Type C: drug-class analogy from azelaic acid (class=D10A). Hypothesis only — class membership ≠ identical efficacy.
198,C,0.400,rosacea,tretinoin,indication,IV-VI,1.3419,5.26,0.2550,0.5368,0.688,0.688,Type C: drug-class analogy from azelaic acid (class=D10A). Hypothesis only — class membership ≠ identical efficacy.
199,C,0.400,rosacea,benzoyl peroxide,indication,IV-VI,1.3419,5.26,0.2550,0.5368,0.688,0.688,Type C: drug-class analogy from azelaic acid (class=D10A). Hypothesis only — class membership ≠ identical efficacy.
200,C,0.400,rosacea,clindamycin,indication,IV-VI,1.3419,5.26,0.2550,0.5368,0.688,0.688,Type C: drug-class analogy from azelaic acid (class=D10A). Hypothesis only — class membership ≠ identical efficacy.
201,C,0.400,rosacea,fumaric acid,indication,IV-VI,1.3419,5.26,0.2550,0.5368,0.688,0.688,Type C: drug-class analogy from fluorometholone (class=). Hypothesis only — class membership ≠ identical efficacy.
202,C,0.400,rosacea,amcinonide,indication,IV-VI,1.3419,5.26,0.2550,0.5368,0.688,0.688,Type C: drug-class analogy from fluorometholone (class=). Hypothesis only — class membership ≠ identical efficacy.
203,C,0.400,rosacea,vancomycin,indication,IV-VI,1.3419,5.26,0.2550,0.5368,0.688,0.688,Type C: drug-class analogy from fluorometholone (class=). Hypothesis only — class membership ≠ identical efficacy.
204,C,0.400,rosacea,diiodohydroxyquinoline,indication,IV-VI,1.3419,5.26,0.2550,0.5368,0.688,0.688,Type C: drug-class analogy from fluorometholone (class=). Hypothesis only — class membership ≠ identical efficacy.
205,C,0.400,rosacea,tripelennamine,indication,IV-VI,1.3419,5.26,0.2550,0.5368,0.688,0.688,Type C: drug-class analogy from fluorometholone (class=). Hypothesis only — class membership ≠ identical efficacy.
206,C,0.400,rosacea,mupirocin,indication,IV-VI,1.3419,5.26,0.2550,0.5368,0.688,0.688,Type C: drug-class analogy from fusidic acid (class=D06A). Hypothesis only — class membership ≠ identical efficacy.
207,C,0.400,rosacea,fumaric acid,off-label use,IV-VI,1.3419,5.26,0.2550,0.5368,0.688,0.688,Type C: drug-class analogy from chlortetracycline (class=). Hypothesis only — class membership ≠ identical efficacy.
208,C,0.400,rosacea,amcinonide,off-label use,IV-VI,1.3419,5.26,0.2550,0.5368,0.688,0.688,Type C: drug-class analogy from chlortetracycline (class=). Hypothesis only — class membership ≠ identical efficacy.
209,C,0.400,rosacea,vancomycin,off-label use,IV-VI,1.3419,5.26,0.2550,0.5368,0.688,0.688,Type C: drug-class analogy from chlortetracycline (class=). Hypothesis only — class membership ≠ identical efficacy.
210,C,0.400,rosacea,diiodohydroxyquinoline,off-label use,IV-VI,1.3419,5.26,0.2550,0.5368,0.688,0.688,Type C: drug-class analogy from chlortetracycline (class=). Hypothesis only — class membership ≠ identical efficacy.
211,C,0.400,rosacea,tripelennamine,off-label use,IV-VI,1.3419,5.26,0.2550,0.5368,0.688,0.688,Type C: drug-class analogy from chlortetracycline (class=). Hypothesis only — class membership ≠ identical efficacy.
212,C,0.400,rosacea,azelaic acid,off-label use,IV-VI,1.3419,5.26,0.2550,0.5368,0.688,0.688,Type C: drug-class analogy from clindamycin (class=D10A). Hypothesis only — class membership ≠ identical efficacy.
213,C,0.400,rosacea,erythromycin,off-label use,IV-VI,1.3419,5.26,0.2550,0.5368,0.688,0.688,Type C: drug-class analogy from clindamycin (class=D10A). Hypothesis only — class membership ≠ identical efficacy.
214,C,0.400,rosacea,tretinoin,off-label use,IV-VI,1.3419,5.26,0.2550,0.5368,0.688,0.688,Type C: drug-class analogy from clindamycin (class=D10A). Hypothesis only — class membership ≠ identical efficacy.
215,C,0.400,rosacea,benzoyl peroxide,off-label use,IV-VI,1.3419,5.26,0.2550,0.5368,0.688,0.688,Type C: drug-class analogy from clindamycin (class=D10A). Hypothesis only — class membership ≠ identical efficacy.
216,C,0.400,rosacea,mupirocin,off-label use,IV-VI,1.3419,5.26,0.2550,0.5368,0.688,0.688,Type C: drug-class analogy from fusidic acid (class=D06A). Hypothesis only — class membership ≠ identical efficacy.
217,C,0.400,sarcoidosis,fluticasone propionate,indication,IV-VI,1.3419,1.00,1.3419,0.5368,0.688,0.688,Type C: drug-class analogy from betamethasone (class=D07A). Hypothesis only — class membership ≠ identical efficacy.
218,C,0.400,sarcoidosis,fluocinolone acetonide,indication,IV-VI,1.3419,1.00,1.3419,0.5368,0.688,0.688,Type C: drug-class analogy from betamethasone (class=D07A). Hypothesis only — class membership ≠ identical efficacy.
219,C,0.400,sarcoidosis,mometasone furoate,indication,IV-VI,1.3419,1.00,1.3419,0.5368,0.688,0.688,Type C: drug-class analogy from betamethasone (class=D07A). Hypothesis only — class membership ≠ identical efficacy.
220,C,0.400,seborrheic dermatitis,fumaric acid,indication,IV-VI,1.3419,1.20,1.1138,0.5368,0.688,0.688,Type C: drug-class analogy from allantoin (class=). Hypothesis only — class membership ≠ identical efficacy.
221,C,0.400,seborrheic dermatitis,vancomycin,indication,IV-VI,1.3419,1.20,1.1138,0.5368,0.688,0.688,Type C: drug-class analogy from allantoin (class=). Hypothesis only — class membership ≠ identical efficacy.
222,C,0.400,seborrheic dermatitis,diiodohydroxyquinoline,indication,IV-VI,1.3419,1.20,1.1138,0.5368,0.688,0.688,Type C: drug-class analogy from allantoin (class=). Hypothesis only — class membership ≠ identical efficacy.
223,C,0.400,seborrheic dermatitis,tripelennamine,indication,IV-VI,1.3419,1.20,1.1138,0.5368,0.688,0.688,Type C: drug-class analogy from allantoin (class=). Hypothesis only — class membership ≠ identical efficacy.
224,C,0.400,seborrheic dermatitis,hydrocortisone acetate,indication,IV-VI,1.3419,1.20,1.1138,0.5368,0.688,0.688,Type C: drug-class analogy from betamethasone (class=D07A). Hypothesis only — class membership ≠ identical efficacy.
225,C,0.400,seborrheic dermatitis,prednisone,indication,IV-VI,1.3419,1.20,1.1138,0.5368,0.688,0.688,Type C: drug-class analogy from cortisone acetate (class=H02A). Hypothesis only — class membership ≠ identical efficacy.
226,C,0.400,seborrheic dermatitis,methylprednisolone,off-label use,IV-VI,1.3419,1.20,1.1138,0.5368,0.688,0.688,Type C: drug-class analogy from cortisone acetate (class=H02A). Hypothesis only — class membership ≠ identical efficacy.
227,C,0.400,seborrheic dermatitis,prednisone,off-label use,IV-VI,1.3419,1.20,1.1138,0.5368,0.688,0.688,Type C: drug-class analogy from cortisone acetate (class=H02A). Hypothesis only — class membership ≠ identical efficacy.
228,C,0.400,seborrheic dermatitis,prednisolone,off-label use,IV-VI,1.3419,1.20,1.1138,0.5368,0.688,0.688,Type C: drug-class analogy from cortisone acetate (class=H02A). Hypothesis only — class membership ≠ identical efficacy.
229,C,0.400,seborrheic dermatitis,hydrocortisone acetate,off-label use,IV-VI,1.3419,1.20,1.1138,0.5368,0.688,0.688,Type C: drug-class analogy from hydrocortisone (class=D07A). Hypothesis only — class membership ≠ identical efficacy.
230,C,0.400,seborrheic dermatitis,dexamethasone,off-label use,IV-VI,1.3419,1.20,1.1138,0.5368,0.688,0.688,Type C: drug-class analogy from hydrocortisone (class=D07A). Hypothesis only — class membership ≠ identical efficacy.
231,C,0.400,seborrheic dermatitis,fluticasone propionate,off-label use,IV-VI,1.3419,1.20,1.1138,0.5368,0.688,0.688,Type C: drug-class analogy from hydrocortisone (class=D07A). Hypothesis only — class membership ≠ identical efficacy.
232,C,0.400,seborrheic dermatitis,fluocinolone acetonide,off-label use,IV-VI,1.3419,1.20,1.1138,0.5368,0.688,0.688,Type C: drug-class analogy from hydrocortisone (class=D07A). Hypothesis only — class membership ≠ identical efficacy.
233,C,0.400,seborrheic dermatitis,mometasone furoate,off-label use,IV-VI,1.3419,1.20,1.1138,0.5368,0.688,0.688,Type C: drug-class analogy from hydrocortisone (class=D07A). Hypothesis only — class membership ≠ identical efficacy.
234,C,0.400,seborrheic keratosis,fumaric acid,indication,IV-VI,1.3419,3.23,0.4160,0.5368,0.688,0.688,Type C: drug-class analogy from allantoin (class=). Hypothesis only — class membership ≠ identical efficacy.
235,C,0.400,seborrheic keratosis,vancomycin,indication,IV-VI,1.3419,3.23,0.4160,0.5368,0.688,0.688,Type C: drug-class analogy from allantoin (class=). Hypothesis only — class membership ≠ identical efficacy.
236,C,0.400,seborrheic keratosis,diiodohydroxyquinoline,indication,IV-VI,1.3419,3.23,0.4160,0.5368,0.688,0.688,Type C: drug-class analogy from allantoin (class=). Hypothesis only — class membership ≠ identical efficacy.
237,C,0.400,seborrheic keratosis,tripelennamine,indication,IV-VI,1.3419,3.23,0.4160,0.5368,0.688,0.688,Type C: drug-class analogy from allantoin (class=). Hypothesis only — class membership ≠ identical efficacy.
238,C,0.400,seborrheic keratosis,cladribine,indication,IV-VI,1.3419,3.23,0.4160,0.5368,0.688,0.688,Type C: drug-class analogy from fluorouracil (class=L01B). Hypothesis only — class membership ≠ identical efficacy.
239,C,0.400,seborrheic keratosis,penciclovir,indication,IV-VI,1.3419,3.23,0.4160,0.5368,0.688,0.688,Type C: drug-class analogy from imiquimod (class=D06B). Hypothesis only — class membership ≠ identical efficacy.
240,C,0.400,squamous cell carcinoma,rituximab,indication,IV-VI,1.3419,1.00,1.3419,0.5368,0.688,0.688,Type C: drug-class analogy from cemiplimab (class=L01F). Hypothesis only — class membership ≠ identical efficacy.
241,C,0.400,squamous cell carcinoma,fumaric acid,indication,IV-VI,1.3419,1.00,1.3419,0.5368,0.688,0.688,Type C: drug-class analogy from cetuximab (class=). Hypothesis only — class membership ≠ identical efficacy.
242,C,0.400,squamous cell carcinoma,amcinonide,indication,IV-VI,1.3419,1.00,1.3419,0.5368,0.688,0.688,Type C: drug-class analogy from cetuximab (class=). Hypothesis only — class membership ≠ identical efficacy.
243,C,0.400,squamous cell carcinoma,vancomycin,indication,IV-VI,1.3419,1.00,1.3419,0.5368,0.688,0.688,Type C: drug-class analogy from cetuximab (class=). Hypothesis only — class membership ≠ identical efficacy.
244,C,0.400,squamous cell carcinoma,diiodohydroxyquinoline,indication,IV-VI,1.3419,1.00,1.3419,0.5368,0.688,0.688,Type C: drug-class analogy from cetuximab (class=). Hypothesis only — class membership ≠ identical efficacy.
245,C,0.400,squamous cell carcinoma,tripelennamine,indication,IV-VI,1.3419,1.00,1.3419,0.5368,0.688,0.688,Type C: drug-class analogy from cetuximab (class=). Hypothesis only — class membership ≠ identical efficacy.
246,C,0.400,tinea corporis,fumaric acid,indication,IV-VI,1.3419,1.00,1.3419,0.5368,0.688,0.688,Type C: drug-class analogy from econazole (class=). Hypothesis only — class membership ≠ identical efficacy.
247,C,0.400,tinea corporis,amcinonide,indication,IV-VI,1.3419,1.00,1.3419,0.5368,0.688,0.688,Type C: drug-class analogy from econazole (class=). Hypothesis only — class membership ≠ identical efficacy.
248,C,0.400,tinea corporis,vancomycin,indication,IV-VI,1.3419,1.00,1.3419,0.5368,0.688,0.688,Type C: drug-class analogy from econazole (class=). Hypothesis only — class membership ≠ identical efficacy.
249,C,0.400,tinea corporis,diiodohydroxyquinoline,indication,IV-VI,1.3419,1.00,1.3419,0.5368,0.688,0.688,Type C: drug-class analogy from econazole (class=). Hypothesis only — class membership ≠ identical efficacy.
250,C,0.400,tinea corporis,tripelennamine,indication,IV-VI,1.3419,1.00,1.3419,0.5368,0.688,0.688,Type C: drug-class analogy from econazole (class=). Hypothesis only — class membership ≠ identical efficacy.
251,C,0.400,tinea corporis,itraconazole,off-label use,IV-VI,1.3419,1.00,1.3419,0.5368,0.688,0.688,Type C: drug-class analogy from fluconazole (class=J02A). Hypothesis only — class membership ≠ identical efficacy.
252,C,0.400,tinea corporis,amphotericin b,off-label use,IV-VI,1.3419,1.00,1.3419,0.5368,0.688,0.688,Type C: drug-class analogy from fluconazole (class=J02A). Hypothesis only — class membership ≠ identical efficacy.
253,C,0.400,tuberous sclerosis,fumaric acid,indication,IV-VI,1.3419,1.56,0.8588,0.5368,0.688,0.688,Type C: drug-class analogy from everolimus (class=). Hypothesis only — class membership ≠ identical efficacy.
254,C,0.400,tuberous sclerosis,amcinonide,indication,IV-VI,1.3419,1.56,0.8588,0.5368,0.688,0.688,Type C: drug-class analogy from everolimus (class=). Hypothesis only — class membership ≠ identical efficacy.
255,C,0.400,tuberous sclerosis,vancomycin,indication,IV-VI,1.3419,1.56,0.8588,0.5368,0.688,0.688,Type C: drug-class analogy from everolimus (class=). Hypothesis only — class membership ≠ identical efficacy.
256,C,0.400,tuberous sclerosis,diiodohydroxyquinoline,indication,IV-VI,1.3419,1.56,0.8588,0.5368,0.688,0.688,Type C: drug-class analogy from everolimus (class=). Hypothesis only — class membership ≠ identical efficacy.
257,C,0.400,tuberous sclerosis,tripelennamine,indication,IV-VI,1.3419,1.56,0.8588,0.5368,0.688,0.688,Type C: drug-class analogy from everolimus (class=). Hypothesis only — class membership ≠ identical efficacy.
258,C,0.400,vitiligo,acitretin,indication,IV-VI,1.3419,1.00,1.3419,0.5368,0.688,0.688,Type C: drug-class analogy from methoxsalen (class=D05B). Hypothesis only — class membership ≠ identical efficacy.
259,C,0.400,rosacea,meclocycline,off-label use,IV-VI,0.8758,5.26,0.1664,0.3503,0.528,0.549,Type C: drug-class analogy from demeclocycline (class=J01A). Hypothesis only — class membership ≠ identical efficacy.
260,C,0.400,rosacea,minocycline,off-label use,IV-VI,0.8758,5.26,0.1664,0.3503,0.528,0.549,Type C: drug-class analogy from demeclocycline (class=J01A). Hypothesis only — class membership ≠ identical efficacy.
261,C,0.400,rosacea,tetracycline,off-label use,IV-VI,0.8758,5.26,0.1664,0.3503,0.528,0.549,Type C: drug-class analogy from demeclocycline (class=J01A). Hypothesis only — class membership ≠ identical efficacy.
262,C,0.400,rosacea,doxycycline,off-label use,IV-VI,0.8758,5.26,0.1664,0.3503,0.528,0.549,Type C: drug-class analogy from demeclocycline (class=J01A). Hypothesis only — class membership ≠ identical efficacy.
263,C,0.400,rosacea,demeclocycline,off-label use,IV-VI,0.8758,5.26,0.1664,0.3503,0.528,0.549,Type C: drug-class analogy from doxycycline (class=J01A). Hypothesis only — class membership ≠ identical efficacy.
264,C,0.400,lyme disease,phenoxymethylpenicillin,off-label use,IV-VI,0.8132,3.85,0.2114,0.3253,0.527,0.542,Type C: drug-class analogy from amoxicillin (class=J01C). Hypothesis only — class membership ≠ identical efficacy.
265,C,0.400,lyme disease,benzylpenicillin,off-label use,IV-VI,0.8132,3.85,0.2114,0.3253,0.527,0.542,Type C: drug-class analogy from amoxicillin (class=J01C). Hypothesis only — class membership ≠ identical efficacy.
266,C,0.400,lyme disease,amoxicillin,off-label use,IV-VI,0.8132,3.85,0.2114,0.3253,0.527,0.542,Type C: drug-class analogy from benzylpenicillin (class=J01C). Hypothesis only — class membership ≠ identical efficacy.
267,C,0.400,lyme disease,ceftriaxone,off-label use,IV-VI,0.8132,3.85,0.2114,0.3253,0.527,0.542,Type C: drug-class analogy from cefotaxime (class=J01D). Hypothesis only — class membership ≠ identical efficacy.
268,C,0.400,lyme disease,cefotaxime,off-label use,IV-VI,0.8132,3.85,0.2114,0.3253,0.527,0.542,Type C: drug-class analogy from ceftriaxone (class=J01D). Hypothesis only — class membership ≠ identical efficacy.
269,C,0.400,acrodermatitis enteropathica,zinc sulfate,off-label use,IV-VI,0.8014,3.57,0.2244,0.3206,0.530,0.540,Type C: drug-class analogy from zinc chloride (class=A12C). Hypothesis only — class membership ≠ identical efficacy.
270,C,0.400,acrodermatitis enteropathica,zinc gluconate,off-label use,IV-VI,0.8014,3.57,0.2244,0.3206,0.530,0.540,Type C: drug-class analogy from zinc chloride (class=A12C). Hypothesis only — class membership ≠ identical efficacy.
271,C,0.400,acrodermatitis enteropathica,zinc chloride,off-label use,IV-VI,0.8014,3.57,0.2244,0.3206,0.530,0.540,Type C: drug-class analogy from zinc gluconate (class=A12C). Hypothesis only — class membership ≠ identical efficacy.
272,C,0.400,neurodermatitis,dexamethasone,indication,IV-VI,0.7055,4.76,0.1481,0.2822,0.948,0.924,Type C: drug-class analogy from betamethasone (class=D07A). Hypothesis only — class membership ≠ identical efficacy.
273,C,0.400,neurodermatitis,fluticasone propionate,indication,IV-VI,0.7055,4.76,0.1481,0.2822,0.948,0.924,Type C: drug-class analogy from betamethasone (class=D07A). Hypothesis only — class membership ≠ identical efficacy.
274,C,0.400,neurodermatitis,fluocinolone acetonide,indication,IV-VI,0.7055,4.76,0.1481,0.2822,0.948,0.924,Type C: drug-class analogy from betamethasone (class=D07A). Hypothesis only — class membership ≠ identical efficacy.
275,C,0.400,neurodermatitis,mometasone furoate,indication,IV-VI,0.7055,4.76,0.1481,0.2822,0.948,0.924,Type C: drug-class analogy from betamethasone (class=D07A). Hypothesis only — class membership ≠ identical efficacy.
276,C,0.400,neurodermatitis,methylprednisolone,indication,IV-VI,0.7055,4.76,0.1481,0.2822,0.948,0.924,Type C: drug-class analogy from cortisone acetate (class=H02A). Hypothesis only — class membership ≠ identical efficacy.
277,C,0.400,neurodermatitis,prednisolone,indication,IV-VI,0.7055,4.76,0.1481,0.2822,0.948,0.924,Type C: drug-class analogy from cortisone acetate (class=H02A). Hypothesis only — class membership ≠ identical efficacy.
278,C,0.400,neurodermatitis,amcinonide,indication,IV-VI,0.7055,4.76,0.1481,0.2822,0.948,0.924,Type C: drug-class analogy from desoximetasone (class=). Hypothesis only — class membership ≠ identical efficacy.
279,C,0.400,neurodermatitis,cortisone acetate,indication,IV-VI,0.7055,4.76,0.1481,0.2822,0.948,0.924,Type C: drug-class analogy from methylprednisolone (class=H02A). Hypothesis only — class membership ≠ identical efficacy.
280,C,0.400,herpes zoster,famciclovir,indication,IV-VI,0.6519,3.45,0.1891,0.2608,0.929,0.934,Type C: drug-class analogy from acyclovir (class=J05A). Hypothesis only — class membership ≠ identical efficacy.
281,C,0.400,herpes zoster,acyclovir,indication,IV-VI,0.6519,3.45,0.1891,0.2608,0.929,0.934,Type C: drug-class analogy from famciclovir (class=J05A). Hypothesis only — class membership ≠ identical efficacy.
282,C,0.400,seborrheic keratosis,amcinonide,indication,IV-VI,0.6430,3.23,0.1993,0.2572,0.948,0.936,Type C: drug-class analogy from allantoin (class=). Hypothesis only — class membership ≠ identical efficacy.
283,C,0.400,lichen planus,methoxsalen,off-label use,IV-VI,0.6017,1.00,0.6017,0.2407,0.524,0.524,Type C: drug-class analogy from acitretin (class=D05B). Hypothesis only — class membership ≠ identical efficacy.
284,C,0.400,lichen planus,acitretin,off-label use,IV-VI,0.6017,1.00,0.6017,0.2407,0.524,0.524,Type C: drug-class analogy from methoxsalen (class=D05B). Hypothesis only — class membership ≠ identical efficacy.
285,C,0.400,psoriasis,calcipotriol,off-label use,IV-VI,0.5977,1.00,0.5977,0.2391,0.522,0.523,Type C: drug-class analogy from anthralin (class=D05A). Hypothesis only — class membership ≠ identical efficacy.
286,C,0.400,psoriasis,anthralin,off-label use,IV-VI,0.5977,1.00,0.5977,0.2391,0.522,0.523,Type C: drug-class analogy from calcipotriol (class=D05A). Hypothesis only — class membership ≠ identical efficacy.
287,C,0.400,erythema multiforme,hydrocortisone acetate,indication,IV-VI,0.5515,1.23,0.4467,0.2206,0.958,0.951,Type C: drug-class analogy from betamethasone (class=D07A). Hypothesis only — class membership ≠ identical efficacy.
288,C,0.400,erythema multiforme,dexamethasone,indication,IV-VI,0.5515,1.23,0.4467,0.2206,0.958,0.951,Type C: drug-class analogy from betamethasone (class=D07A). Hypothesis only — class membership ≠ identical efficacy.
289,C,0.400,erythema multiforme,methylprednisolone,indication,IV-VI,0.5515,1.23,0.4467,0.2206,0.958,0.951,Type C: drug-class analogy from cortisone acetate (class=H02A). Hypothesis only — class membership ≠ identical efficacy.
290,C,0.400,erythema multiforme,prednisone,indication,IV-VI,0.5515,1.23,0.4467,0.2206,0.958,0.951,Type C: drug-class analogy from cortisone acetate (class=H02A). Hypothesis only — class membership ≠ identical efficacy.
291,C,0.400,erythema multiforme,prednisolone,indication,IV-VI,0.5515,1.23,0.4467,0.2206,0.958,0.951,Type C: drug-class analogy from cortisone acetate (class=H02A). Hypothesis only — class membership ≠ identical efficacy.
292,C,0.400,erythema multiforme,cortisone acetate,indication,IV-VI,0.5515,1.23,0.4467,0.2206,0.958,0.951,Type C: drug-class analogy from methylprednisolone (class=H02A). Hypothesis only — class membership ≠ identical efficacy.
293,C,0.400,seborrheic dermatitis,amcinonide,indication,IV-VI,0.5497,1.20,0.4563,0.2199,0.955,0.951,Type C: drug-class analogy from allantoin (class=). Hypothesis only — class membership ≠ identical efficacy.
294,C,0.400,seborrheic dermatitis,dexamethasone,indication,IV-VI,0.5497,1.20,0.4563,0.2199,0.955,0.951,Type C: drug-class analogy from betamethasone (class=D07A). Hypothesis only — class membership ≠ identical efficacy.
295,C,0.400,seborrheic dermatitis,fluticasone propionate,indication,IV-VI,0.5497,1.20,0.4563,0.2199,0.955,0.951,Type C: drug-class analogy from betamethasone (class=D07A). Hypothesis only — class membership ≠ identical efficacy.
296,C,0.400,seborrheic dermatitis,fluocinolone acetonide,indication,IV-VI,0.5497,1.20,0.4563,0.2199,0.955,0.951,Type C: drug-class analogy from betamethasone (class=D07A). Hypothesis only — class membership ≠ identical efficacy.
297,C,0.400,seborrheic dermatitis,mometasone furoate,indication,IV-VI,0.5497,1.20,0.4563,0.2199,0.955,0.951,Type C: drug-class analogy from betamethasone (class=D07A). Hypothesis only — class membership ≠ identical efficacy.
298,C,0.400,seborrheic dermatitis,methylprednisolone,indication,IV-VI,0.5497,1.20,0.4563,0.2199,0.955,0.951,Type C: drug-class analogy from cortisone acetate (class=H02A). Hypothesis only — class membership ≠ identical efficacy.
299,C,0.400,seborrheic dermatitis,prednisolone,indication,IV-VI,0.5497,1.20,0.4563,0.2199,0.955,0.951,Type C: drug-class analogy from cortisone acetate (class=H02A). Hypothesis only — class membership ≠ identical efficacy.
300,C,0.400,seborrheic dermatitis,cortisone acetate,indication,IV-VI,0.5497,1.20,0.4563,0.2199,0.955,0.951,Type C: drug-class analogy from methylprednisolone (class=H02A). Hypothesis only — class membership ≠ identical efficacy.
301,C,0.400,granuloma annulare,amcinonide,indication,IV-VI,0.5489,1.19,0.4610,0.2195,0.956,0.951,Type C: drug-class analogy from ammonium lactate (class=). Hypothesis only — class membership ≠ identical efficacy.
302,C,0.400,granuloma annulare,dexamethasone,indication,IV-VI,0.5489,1.19,0.4610,0.2195,0.956,0.951,Type C: drug-class analogy from betamethasone (class=D07A). Hypothesis only — class membership ≠ identical efficacy.
303,C,0.400,granuloma annulare,fluticasone propionate,indication,IV-VI,0.5489,1.19,0.4610,0.2195,0.956,0.951,Type C: drug-class analogy from betamethasone (class=D07A). Hypothesis only — class membership ≠ identical efficacy.
304,C,0.400,granuloma annulare,fluocinolone acetonide,indication,IV-VI,0.5489,1.19,0.4610,0.2195,0.956,0.951,Type C: drug-class analogy from betamethasone (class=D07A). Hypothesis only — class membership ≠ identical efficacy.
305,C,0.400,granuloma annulare,mometasone furoate,indication,IV-VI,0.5489,1.19,0.4610,0.2195,0.956,0.951,Type C: drug-class analogy from betamethasone (class=D07A). Hypothesis only — class membership ≠ identical efficacy.
306,C,0.400,granuloma annulare,methylprednisolone,indication,IV-VI,0.5489,1.19,0.4610,0.2195,0.956,0.951,Type C: drug-class analogy from cortisone acetate (class=H02A). Hypothesis only — class membership ≠ identical efficacy.
307,C,0.400,granuloma annulare,prednisolone,indication,IV-VI,0.5489,1.19,0.4610,0.2195,0.956,0.951,Type C: drug-class analogy from cortisone acetate (class=H02A). Hypothesis only — class membership ≠ identical efficacy.
308,C,0.400,granuloma annulare,cortisone acetate,indication,IV-VI,0.5489,1.19,0.4610,0.2195,0.956,0.951,Type C: drug-class analogy from methylprednisolone (class=H02A). Hypothesis only — class membership ≠ identical efficacy.
309,C,0.400,keloid,dexamethasone,indication,IV-VI,0.5381,1.02,0.5274,0.2153,0.953,0.953,Type C: drug-class analogy from triamcinolone (class=D07A). Hypothesis only — class membership ≠ identical efficacy.
310,C,0.400,sarcoidosis,hydrocortisone acetate,indication,IV-VI,0.5348,1.00,0.5348,0.2139,0.960,0.953,Type C: drug-class analogy from betamethasone (class=D07A). Hypothesis only — class membership ≠ identical efficacy.
311,C,0.400,sarcoidosis,dexamethasone,indication,IV-VI,0.5348,1.00,0.5348,0.2139,0.960,0.953,Type C: drug-class analogy from betamethasone (class=D07A). Hypothesis only — class membership ≠ identical efficacy.
312,C,0.400,sarcoidosis,methylprednisolone,indication,IV-VI,0.5348,1.00,0.5348,0.2139,0.960,0.953,Type C: drug-class analogy from cortisone acetate (class=H02A). Hypothesis only — class membership ≠ identical efficacy.
313,C,0.400,sarcoidosis,prednisone,indication,IV-VI,0.5348,1.00,0.5348,0.2139,0.960,0.953,Type C: drug-class analogy from cortisone acetate (class=H02A). Hypothesis only — class membership ≠ identical efficacy.
314,C,0.400,sarcoidosis,prednisolone,indication,IV-VI,0.5348,1.00,0.5348,0.2139,0.960,0.953,Type C: drug-class analogy from cortisone acetate (class=H02A). Hypothesis only — class membership ≠ identical efficacy.
315,C,0.400,sarcoidosis,cortisone acetate,indication,IV-VI,0.5348,1.00,0.5348,0.2139,0.960,0.953,Type C: drug-class analogy from methylprednisolone (class=H02A). Hypothesis only — class membership ≠ identical efficacy.
316,C,0.400,contact dermatitis,amcinonide,indication,IV-VI,0.5235,1.00,0.5235,0.2094,0.940,0.955,Type C: drug-class analogy from ammonium lactate (class=). Hypothesis only — class membership ≠ identical efficacy.
317,C,0.400,contact dermatitis,hydrocortisone acetate,indication,IV-VI,0.5235,1.00,0.5235,0.2094,0.940,0.955,Type C: drug-class analogy from betamethasone (class=D07A). Hypothesis only — class membership ≠ identical efficacy.
318,C,0.400,contact dermatitis,dexamethasone,indication,IV-VI,0.5235,1.00,0.5235,0.2094,0.940,0.955,Type C: drug-class analogy from betamethasone (class=D07A). Hypothesis only — class membership ≠ identical efficacy.
319,C,0.400,contact dermatitis,fluticasone propionate,indication,IV-VI,0.5235,1.00,0.5235,0.2094,0.940,0.955,Type C: drug-class analogy from betamethasone (class=D07A). Hypothesis only — class membership ≠ identical efficacy.
320,C,0.400,contact dermatitis,fluocinolone acetonide,indication,IV-VI,0.5235,1.00,0.5235,0.2094,0.940,0.955,Type C: drug-class analogy from betamethasone (class=D07A). Hypothesis only — class membership ≠ identical efficacy.
321,C,0.400,contact dermatitis,mometasone furoate,indication,IV-VI,0.5235,1.00,0.5235,0.2094,0.940,0.955,Type C: drug-class analogy from betamethasone (class=D07A). Hypothesis only — class membership ≠ identical efficacy.
322,C,0.400,contact dermatitis,methylprednisolone,indication,IV-VI,0.5235,1.00,0.5235,0.2094,0.940,0.955,Type C: drug-class analogy from cortisone acetate (class=H02A). Hypothesis only — class membership ≠ identical efficacy.
323,C,0.400,contact dermatitis,prednisone,indication,IV-VI,0.5235,1.00,0.5235,0.2094,0.940,0.955,Type C: drug-class analogy from cortisone acetate (class=H02A). Hypothesis only — class membership ≠ identical efficacy.
324,C,0.400,contact dermatitis,prednisolone,indication,IV-VI,0.5235,1.00,0.5235,0.2094,0.940,0.955,Type C: drug-class analogy from cortisone acetate (class=H02A). Hypothesis only — class membership ≠ identical efficacy.
325,C,0.400,contact dermatitis,cortisone acetate,indication,IV-VI,0.5235,1.00,0.5235,0.2094,0.940,0.955,Type C: drug-class analogy from methylprednisolone (class=H02A). Hypothesis only — class membership ≠ identical efficacy.
326,C,0.400,basal cell carcinoma,vismodegib,indication,IV-VI,0.5230,1.00,0.5230,0.2092,0.963,0.955,Type C: drug-class analogy from sonidegib (class=L01X). Hypothesis only — class membership ≠ identical efficacy.
327,C,0.400,basal cell carcinoma,sonidegib,indication,IV-VI,0.5230,1.00,0.5230,0.2092,0.963,0.955,Type C: drug-class analogy from vismodegib (class=L01X). Hypothesis only — class membership ≠ identical efficacy.
328,C,0.400,lupus erythematosus,dexamethasone,indication,IV-VI,0.4983,1.00,0.4983,0.1993,0.960,0.958,Type C: drug-class analogy from betamethasone (class=D07A). Hypothesis only — class membership ≠ identical efficacy.
329,C,0.400,lupus erythematosus,fluticasone propionate,indication,IV-VI,0.4983,1.00,0.4983,0.1993,0.960,0.958,Type C: drug-class analogy from betamethasone (class=D07A). Hypothesis only — class membership ≠ identical efficacy.
330,C,0.400,lupus erythematosus,fluocinolone acetonide,indication,IV-VI,0.4983,1.00,0.4983,0.1993,0.960,0.958,Type C: drug-class analogy from betamethasone (class=D07A). Hypothesis only — class membership ≠ identical efficacy.
331,C,0.400,lupus erythematosus,mometasone furoate,indication,IV-VI,0.4983,1.00,0.4983,0.1993,0.960,0.958,Type C: drug-class analogy from betamethasone (class=D07A). Hypothesis only — class membership ≠ identical efficacy.
332,C,0.400,lupus erythematosus,amcinonide,indication,IV-VI,0.4983,1.00,0.4983,0.1993,0.960,0.958,Type C: drug-class analogy from chloroquine (class=). Hypothesis only — class membership ≠ identical efficacy.
333,C,0.400,lupus erythematosus,methylprednisolone,indication,IV-VI,0.4983,1.00,0.4983,0.1993,0.960,0.958,Type C: drug-class analogy from cortisone acetate (class=H02A). Hypothesis only — class membership ≠ identical efficacy.
334,C,0.400,lupus erythematosus,prednisolone,indication,IV-VI,0.4983,1.00,0.4983,0.1993,0.960,0.958,Type C: drug-class analogy from cortisone acetate (class=H02A). Hypothesis only — class membership ≠ identical efficacy.
335,C,0.400,lupus erythematosus,cortisone acetate,indication,IV-VI,0.4983,1.00,0.4983,0.1993,0.960,0.958,Type C: drug-class analogy from methylprednisolone (class=H02A). Hypothesis only — class membership ≠ identical efficacy.
336,C,0.400,tinea corporis,ketoconazole,indication,IV-VI,0.4823,1.00,0.4823,0.1929,0.951,0.960,Type C: drug-class analogy from butenafine (class=D01A). Hypothesis only — class membership ≠ identical efficacy.
337,C,0.400,tinea corporis,ciclopirox,indication,IV-VI,0.4823,1.00,0.4823,0.1929,0.951,0.960,Type C: drug-class analogy from butenafine (class=D01A). Hypothesis only — class membership ≠ identical efficacy.
338,C,0.400,tinea corporis,luliconazole,indication,IV-VI,0.4823,1.00,0.4823,0.1929,0.951,0.960,Type C: drug-class analogy from butenafine (class=D01A). Hypothesis only — class membership ≠ identical efficacy.
339,C,0.400,tinea corporis,naftifine,indication,IV-VI,0.4823,1.00,0.4823,0.1929,0.951,0.960,Type C: drug-class analogy from butenafine (class=D01A). Hypothesis only — class membership ≠ identical efficacy.
340,C,0.400,tinea corporis,salicylic acid,indication,IV-VI,0.4823,1.00,0.4823,0.1929,0.951,0.960,Type C: drug-class analogy from butenafine (class=D01A). Hypothesis only — class membership ≠ identical efficacy.
341,C,0.400,scabies,permethrin,indication,IV-VI,0.4755,1.00,0.4755,0.1902,0.959,0.961,Type C: drug-class analogy from crotamiton (class=P03A). Hypothesis only — class membership ≠ identical efficacy.
342,C,0.400,scabies,lindane,indication,IV-VI,0.4755,1.00,0.4755,0.1902,0.959,0.961,Type C: drug-class analogy from crotamiton (class=P03A). Hypothesis only — class membership ≠ identical efficacy.
343,C,0.400,scabies,phenothrin,indication,IV-VI,0.4755,1.00,0.4755,0.1902,0.959,0.961,Type C: drug-class analogy from crotamiton (class=P03A). Hypothesis only — class membership ≠ identical efficacy.
344,C,0.400,scabies,crotamiton,indication,IV-VI,0.4755,1.00,0.4755,0.1902,0.959,0.961,Type C: drug-class analogy from lindane (class=P03A). Hypothesis only — class membership ≠ identical efficacy.
345,C,0.400,psoriasis,fumaric acid,indication,IV-VI,0.4745,1.00,0.4745,0.1898,0.964,0.961,Type C: drug-class analogy from allantoin (class=). Hypothesis only — class membership ≠ identical efficacy.
346,C,0.400,psoriasis,hydrocortisone acetate,indication,IV-VI,0.4745,1.00,0.4745,0.1898,0.964,0.961,Type C: drug-class analogy from betamethasone (class=D07A). Hypothesis only — class membership ≠ identical efficacy.
347,C,0.400,psoriasis,dexamethasone,indication,IV-VI,0.4745,1.00,0.4745,0.1898,0.964,0.961,Type C: drug-class analogy from betamethasone (class=D07A). Hypothesis only — class membership ≠ identical efficacy.
348,C,0.400,psoriasis,methylprednisolone,indication,IV-VI,0.4745,1.00,0.4745,0.1898,0.964,0.961,Type C: drug-class analogy from cortisone acetate (class=H02A). Hypothesis only — class membership ≠ identical efficacy.
349,C,0.400,psoriasis,prednisone,indication,IV-VI,0.4745,1.00,0.4745,0.1898,0.964,0.961,Type C: drug-class analogy from cortisone acetate (class=H02A). Hypothesis only — class membership ≠ identical efficacy.
350,C,0.400,psoriasis,prednisolone,indication,IV-VI,0.4745,1.00,0.4745,0.1898,0.964,0.961,Type C: drug-class analogy from cortisone acetate (class=H02A). Hypothesis only — class membership ≠ identical efficacy.
351,C,0.400,psoriasis,risankizumab,indication,IV-VI,0.4745,1.00,0.4745,0.1898,0.964,0.961,Type C: drug-class analogy from methotrexate (class=L04A). Hypothesis only — class membership ≠ identical efficacy.
352,C,0.400,psoriasis,ustekinumab,indication,IV-VI,0.4745,1.00,0.4745,0.1898,0.964,0.961,Type C: drug-class analogy from methotrexate (class=L04A). Hypothesis only — class membership ≠ identical efficacy.
353,C,0.400,psoriasis,cortisone acetate,indication,IV-VI,0.4745,1.00,0.4745,0.1898,0.964,0.961,Type C: drug-class analogy from methylprednisolone (class=H02A). Hypothesis only — class membership ≠ identical efficacy.
354,C,0.400,psoriasis,methotrexate,indication,IV-VI,0.4745,1.00,0.4745,0.1898,0.964,0.961,Type C: drug-class analogy from risankizumab (class=L04A). Hypothesis only — class membership ≠ identical efficacy.
355,C,0.400,vitiligo,trioxsalen,indication,IV-VI,0.4442,1.00,0.4442,0.1777,0.958,0.965,Type C: drug-class analogy from methoxsalen (class=D05B). Hypothesis only — class membership ≠ identical efficacy.
356,C,0.400,vitiligo,methoxsalen,indication,IV-VI,0.4442,1.00,0.4442,0.1777,0.958,0.965,Type C: drug-class analogy from trioxsalen (class=D05B). Hypothesis only — class membership ≠ identical efficacy.
357,B,0.000,cutaneous larva migrans,zinc chloride,off-label use,IV-VI,1.3419,9.09,0.1476,0.0000,0.688,0.688,Type B: semantic transfer from 'acrodermatitis enteropathica' (similarity=0.00). Hypothesis only — target disease may differ molecularly.
358,B,0.000,cutaneous larva migrans,zinc gluconate,off-label use,IV-VI,1.3419,9.09,0.1476,0.0000,0.688,0.688,Type B: semantic transfer from 'acrodermatitis enteropathica' (similarity=0.00). Hypothesis only — target disease may differ molecularly.
359,B,0.000,cutaneous larva migrans,zinc sulfate,off-label use,IV-VI,1.3419,9.09,0.1476,0.0000,0.688,0.688,Type B: semantic transfer from 'acrodermatitis enteropathica' (similarity=0.00). Hypothesis only — target disease may differ molecularly.
360,B,0.000,ecthyma,zinc chloride,off-label use,IV-VI,1.3419,9.09,0.1476,0.0000,0.688,0.688,Type B: semantic transfer from 'acrodermatitis enteropathica' (similarity=0.00). Hypothesis only — target disease may differ molecularly.
361,B,0.000,ecthyma,zinc gluconate,off-label use,IV-VI,1.3419,9.09,0.1476,0.0000,0.688,0.688,Type B: semantic transfer from 'acrodermatitis enteropathica' (similarity=0.00). Hypothesis only — target disease may differ molecularly.
362,B,0.000,ecthyma,zinc sulfate,off-label use,IV-VI,1.3419,9.09,0.1476,0.0000,0.688,0.688,Type B: semantic transfer from 'acrodermatitis enteropathica' (similarity=0.00). Hypothesis only — target disease may differ molecularly.
363,B,0.000,epidermodysplasia verruciformis,zinc chloride,off-label use,IV-VI,1.3419,8.33,0.1610,0.0000,0.688,0.688,Type B: semantic transfer from 'acrodermatitis enteropathica' (similarity=0.00). Hypothesis only — target disease may differ molecularly.
364,B,0.000,epidermodysplasia verruciformis,zinc gluconate,off-label use,IV-VI,1.3419,8.33,0.1610,0.0000,0.688,0.688,Type B: semantic transfer from 'acrodermatitis enteropathica' (similarity=0.00). Hypothesis only — target disease may differ molecularly.
365,B,0.000,epidermodysplasia verruciformis,zinc sulfate,off-label use,IV-VI,1.3419,8.33,0.1610,0.0000,0.688,0.688,Type B: semantic transfer from 'acrodermatitis enteropathica' (similarity=0.00). Hypothesis only — target disease may differ molecularly.
366,B,0.000,mongolian spot,zinc chloride,off-label use,IV-VI,1.3419,10.00,0.1342,0.0000,0.688,0.688,Type B: semantic transfer from 'acrodermatitis enteropathica' (similarity=0.00). Hypothesis only — target disease may differ molecularly.
367,B,0.000,mongolian spot,zinc gluconate,off-label use,IV-VI,1.3419,10.00,0.1342,0.0000,0.688,0.688,Type B: semantic transfer from 'acrodermatitis enteropathica' (similarity=0.00). Hypothesis only — target disease may differ molecularly.
368,B,0.000,mongolian spot,zinc sulfate,off-label use,IV-VI,1.3419,10.00,0.1342,0.0000,0.688,0.688,Type B: semantic transfer from 'acrodermatitis enteropathica' (similarity=0.00). Hypothesis only — target disease may differ molecularly.
